"File","MissingCount","Missing","BadPatterns"
"about-our-team\index.html","0","",""
"career\index.html","0","",""
"company-profile\index.html","0","",""
"gallery\index.html","0","",""
"index.html","0","",""
"our-approach\index.html","0","",""
"services\blockchain\index.html","0","",""
"services\capital-markets\index.html","0","",""
"services\finance-risk\index.html","0","",""
"services\index.html","0","",""
"services\portfolio-management\index.html","0","",""
"services\strategy-development\index.html","0","",""
"services\technology-advisory\index.html","0","",""
